x	y
TCGA.E1.5319	1.17509024120535e-05	-1.09197031060242e-05
TCGA.HT.7693	6.33918563994448e-06	9.38772888360106e-06
TCGA.CS.6665	-6.89483787076126e-07	1.05318292290986e-05
TCGA.S9.A7J2	1.05656094721425e-05	-1.09666436717088e-05
TCGA.FG.A6J3	4.67793387020401e-06	5.9302193280585e-06
TCGA.FG.6688	-9.50411268221102e-06	-1.91781170583211e-06
TCGA.S9.A6TX	1.07028657177805e-05	-1.32060649720174e-05
TCGA.HT.A74L	5.35235803907311e-06	-6.42596905541769e-06
TCGA.DU.A5TS	1.28302068574571e-05	4.32096139173775e-06
TCGA.DB.A4XA	1.16853565294147e-05	-9.94140101305754e-06
TCGA.HT.A4DV	1.13586196689634e-05	-1.01941142665363e-05
TCGA.TQ.A7RP	-1.42715663770751e-05	-2.88760797542776e-06
TCGA.E1.5311	9.90434717129334e-06	-1.14025589941759e-05
TCGA.E1.A7YI	6.03150703059465e-06	9.30876838029788e-06
TCGA.E1.5305	1.06546408828079e-05	7.38331498019811e-06
TCGA.HT.8113	2.73978848861641e-06	-8.54452667358981e-06
TCGA.DH.A66G	8.25293302551688e-06	8.96200555613115e-06
TCGA.HT.7620	1.05973099354717e-05	-9.14993405882673e-06
TCGA.P5.A731	6.41225868418593e-06	-4.43305433898199e-06
TCGA.HT.7480	1.13442418056451e-05	-1.17708070036874e-05
TCGA.HT.7689	8.07185546450383e-06	9.63273307903545e-06
TCGA.HT.8109	1.09292553441207e-05	-7.90887040087587e-06
TCGA.E1.A7YE	9.26705291352897e-06	8.72359376948135e-06
TCGA.S9.A7R1	5.18757958934867e-06	-7.30114889929215e-06
TCGA.FG.A710	1.13071554915231e-05	-1.34145985016235e-05
TCGA.S9.A7J0	7.0696335949627e-07	6.08209619491483e-06
TCGA.DU.A6S6	7.2112607941095e-06	-7.08451957992016e-06
TCGA.DU.6392	-3.28917968552847e-06	2.96454361797727e-06
TCGA.QH.A6CU	6.78440741209734e-06	-6.73280543700353e-06
TCGA.HW.7486	9.73288620761294e-06	-7.23742586537931e-06
TCGA.FG.7634	6.47257796324786e-06	-1.18869651718656e-05
TCGA.DU.6407	3.14804790652491e-06	9.48542429889722e-06
TCGA.S9.A7IX	-1.143753357694e-05	-2.67514901410345e-06
TCGA.HT.8010	9.1944101028418e-06	-7.59947983818297e-06
TCGA.P5.A5F1	6.80416797197351e-06	9.55098372127144e-06
TCGA.DU.6542	8.40334223532733e-06	4.60127056258302e-06
TCGA.FG.7638	1.34822277317169e-05	-8.3022795773545e-06
TCGA.DH.5143	6.61142030945997e-06	4.77319538806367e-06
TCGA.DU.7299	6.79083734564584e-06	4.65156393751355e-06
TCGA.DU.7013	-5.59195007345822e-06	3.87256407781622e-06
TCGA.DU.7011	4.74255861194604e-06	8.37801670697328e-06
TCGA.DB.5281	8.70716251924742e-06	7.91350900401857e-06
TCGA.S9.A6WI	1.09190842114053e-05	-6.93844164290888e-06
TCGA.HT.7605	8.72956837786461e-06	-8.49710668502063e-06
TCGA.E1.A7YK	1.35203395369716e-05	9.29308310097469e-06
TCGA.S9.A6WQ	1.06345918478024e-05	6.32808637976256e-06
TCGA.HT.8106	8.74439136834571e-06	7.09268480323191e-06
TCGA.HT.7608	1.0316829297954e-05	-1.28387240527158e-05
TCGA.E1.A7YU	7.91129764991235e-06	4.98331473200742e-06
TCGA.TM.A7C5	1.19310730791581e-05	-1.07430732280134e-05
TCGA.S9.A7QY	3.58762180381459e-06	-9.51880368779211e-06
TCGA.QH.A6CW	1.00446945963379e-05	8.89314704729688e-06
TCGA.S9.A6WO	6.20626037038614e-06	9.26060994155746e-06
TCGA.IK.7675	7.38931867480936e-06	9.68068409789219e-06
TCGA.HT.7601	8.61429114322686e-06	4.54425371572348e-06
TCGA.P5.A5ET	9.51265335892532e-06	-8.83400992132015e-06
TCGA.S9.A6U1	8.11748724134648e-06	2.81995441204448e-06
TCGA.HT.7472	1.10132727536921e-05	7.46947561833339e-06
TCGA.HT.7880	8.23456840500961e-06	8.29859025221214e-06
TCGA.E1.A7Z3	5.07603608036021e-06	9.46084557472982e-06
TCGA.P5.A77X	1.23935855492211e-05	-1.16580701242867e-05
TCGA.FG.A6IZ	1.18793350194225e-05	-1.01836617904811e-05
TCGA.HT.7873	8.57307538165119e-06	1.02578538950264e-05
TCGA.CS.4938	6.32981732114519e-06	9.17187474728812e-06
TCGA.KT.A74X	1.12139589100956e-05	-1.00215356185159e-05
TCGA.P5.A5EX	1.02296113576493e-05	-7.51309928820556e-06
TCGA.HT.7476	1.71825176048693e-06	8.34225219611535e-06
TCGA.DB.A75L	6.34399421006582e-06	2.13216739266759e-06
TCGA.HT.8563	1.08032745728861e-05	9.29353883914488e-06
TCGA.HT.7609	7.6711871412111e-06	4.61299004136235e-06
TCGA.S9.A7IS	8.85365577848719e-06	3.19281824425697e-06
TCGA.S9.A6U0	-1.02389491394793e-05	-3.24056299987865e-06
TCGA.FG.7643	-1.08541926335218e-05	-1.3095784336688e-06
TCGA.DB.5274	1.12128635254668e-05	-1.270693876738e-05
TCGA.TQ.A7RG	9.17010073974625e-06	-8.37287415501989e-06
TCGA.QH.A6X5	1.13302644737175e-05	-1.01406154665864e-05
TCGA.DU.6403	-8.60060527209426e-06	-2.48840573724216e-06
TCGA.DB.A4XG	3.85884821315647e-06	-1.11134627035805e-05
TCGA.HT.7855	7.91432859952489e-06	9.06526789412883e-06
TCGA.DU.8166	5.6766170853456e-06	8.84957388245392e-06
TCGA.DH.A7UT	3.6498459147206e-06	4.92648473486684e-06
TCGA.DU.7015	4.65039360511961e-06	8.69972858718302e-06
TCGA.HT.A616	5.32757986884833e-06	3.17449969162953e-06
TCGA.FG.8181	-7.21975825090841e-07	-3.04466990170322e-06
TCGA.HT.7611	8.91834042924557e-06	8.95414204748821e-06
TCGA.HT.A74K	6.99180409054383e-06	-8.25886527485208e-06
TCGA.FG.A60K	1.05313481196846e-05	-1.0933831258864e-05
TCGA.HT.7856	4.2437735424418e-06	-8.18731196421205e-06
TCGA.FG.5963	6.32319934201181e-07	9.09072348277734e-06
TCGA.DU.5851	1.00388369083472e-05	7.92532122795587e-06
TCGA.DU.A7T6	1.13764149529731e-05	-9.43169688084018e-06
TCGA.S9.A6TY	1.02320610120265e-06	-1.01751365376109e-05
TCGA.CS.5395	-1.34562516703872e-05	-2.08657051046187e-06
TCGA.DU.7292	-9.73008295086345e-06	-2.5286598769659e-06
TCGA.HT.A5RC	-1.14208424280496e-05	-4.01321498725334e-06
TCGA.TQ.A7RR	9.37483268161455e-06	1.04002956408229e-05
TCGA.DU.8162	-6.1438357356485e-06	-2.28667320597234e-06
TCGA.P5.A72W	9.54413956052677e-06	1.00479485449985e-05
TCGA.S9.A6TU	7.29459998747284e-06	4.44485915498779e-06
TCGA.DU.5855	6.66599615913264e-06	8.80333325878109e-06
TCGA.HT.7884	7.1112575398532e-06	1.0912116481009e-05
TCGA.TQ.A7RQ	1.13276742124541e-05	-1.1155001174757e-05
TCGA.FG.A4MW	-1.60027717618251e-05	-1.84742594581259e-06
TCGA.IK.8125	1.21496691676306e-05	-1.08197284360064e-05
TCGA.HT.8018	8.61296703423145e-06	1.06096220239725e-05
TCGA.DB.A75P	-1.78865669265197e-06	-3.35856109156906e-06
TCGA.QH.A6X8	1.33069975424842e-05	-5.85313272937995e-06
TCGA.HT.A5R5	4.7253282185333e-06	8.84657212349956e-06
TCGA.HT.A618	1.35743467437679e-05	9.66258045624272e-06
TCGA.FG.6691	4.85341293217081e-06	9.01262759801213e-06
TCGA.HT.7467	1.10503276177303e-05	-8.87523003595095e-06
TCGA.S9.A7R3	7.12666997355045e-06	4.1627246774927e-06
TCGA.QH.A6CX	-1.10704720514876e-05	-2.82430128839404e-06
TCGA.FG.A4MX	9.44570159703697e-06	8.41308714487304e-06
TCGA.HT.7681	5.37796538762773e-06	-1.3940754056564e-05
TCGA.S9.A7IZ	4.20513412238797e-06	8.59960255227161e-06
TCGA.DU.A6S7	1.04589982929147e-05	9.63843649605703e-06
TCGA.HW.A5KM	5.22569673247019e-06	8.32174030466624e-06
TCGA.P5.A72Z	1.06994556659786e-05	-1.06836351818035e-05
TCGA.HT.8114	6.39778882196537e-06	9.64820587281385e-06
TCGA.HW.8321	6.03868909406809e-06	5.35598299831724e-06
TCGA.TQ.A7RN	1.16829331518081e-05	-2.75994853739808e-06
TCGA.DH.5141	5.38111680194754e-06	-1.39507667865679e-05
TCGA.CS.6186	-1.1590212951778e-05	-2.104451030557e-06
TCGA.EZ.7264	1.15065228913021e-05	-1.15337558280508e-05
TCGA.P5.A5F4	8.24804433465245e-06	3.58378154738339e-06
TCGA.QH.A65V	1.12229791819899e-05	-1.01441345527014e-05
TCGA.FG.8191	8.70527269049106e-06	8.73403921611506e-06
TCGA.DH.5142	8.12580089247969e-06	7.56477021117309e-06
TCGA.DU.A6S8	1.18909416765996e-05	-1.16102313901521e-05
TCGA.E1.A7YW	9.45823283342854e-06	1.00569639364072e-05
TCGA.CS.6666	1.00734080931047e-05	1.02871877287643e-05
TCGA.DU.7298	6.30247939336834e-06	5.8405059905363e-06
TCGA.DB.A64R	1.06402987782802e-05	-1.10494571287917e-05
TCGA.DU.6406	-1.17809447440111e-05	-2.1002511644689e-06
TCGA.S9.A6UA	-2.59614705808602e-06	1.13871432334463e-06
TCGA.FG.A60L	6.99524539334716e-06	5.43897041961139e-06
TCGA.CS.5390	1.10935691183043e-05	-8.86249105489975e-06
TCGA.S9.A6WP	1.01085124094084e-05	-8.57568636768676e-06
TCGA.DU.A7TB	8.03557367058293e-07	-3.7930744372804e-06
TCGA.DB.5280	8.53355533575581e-06	8.6964471792684e-06
TCGA.DH.A66D	8.6005570945529e-06	9.08028418834261e-06
TCGA.DB.5278	1.0660730755655e-05	-1.11206520359365e-05
TCGA.S9.A6WN	7.96215179847921e-06	-8.5977892091989e-06
TCGA.DB.A4XC	8.50632828010072e-06	8.33657762233066e-06
TCGA.TQ.A7RH	7.03205471102855e-06	9.0439356509356e-06
TCGA.E1.A7YS	8.38619081629608e-06	-8.16142449842897e-06
TCGA.P5.A735	9.80838133032687e-06	8.69926694808213e-06
TCGA.DU.7294	1.20903112003527e-05	-1.04408390683816e-05
TCGA.E1.A7YQ	-1.53919226808402e-05	1.12378147315338e-06
TCGA.HT.7881	9.8325550149169e-06	-7.39279060716951e-06
TCGA.QH.A6CS	-1.10942141273542e-05	-1.36410256870824e-06
TCGA.P5.A5EU	7.50506762847958e-06	8.9457992074647e-06
TCGA.DB.A64X	4.47528791289808e-06	6.47103502523402e-06
TCGA.S9.A6U5	1.19331983191201e-05	-1.07150371927022e-05
TCGA.FG.A70Y	8.15170725524113e-06	9.55673951843074e-06
TCGA.E1.A7YO	1.1254973040166e-05	-1.20348253177997e-05
TCGA.HW.7487	1.24355874308522e-05	-1.14948260060847e-05
TCGA.HW.7491	6.81242991250676e-06	-1.32562594441539e-05
TCGA.HT.7691	-1.12887028116783e-06	-2.90864397898037e-06
TCGA.CS.4944	4.58097500171676e-06	-2.61029196641989e-06
TCGA.FG.A6J1	1.19487936736228e-05	-1.0607539588179e-05
TCGA.S9.A7R7	9.31475987936016e-06	9.17971434484349e-06
TCGA.DB.A75M	8.87155074676821e-06	8.99354335930608e-06
TCGA.HT.7877	1.14407466096238e-05	-1.03854574844507e-05
TCGA.DU.6399	1.42653244372022e-06	7.99596846546917e-06
TCGA.HT.7477	3.66214739565507e-06	1.10470083794018e-05
TCGA.HT.8012	1.18096825289196e-05	-1.20749538050119e-05
TCGA.FG.5965	5.9849283202144e-06	8.70307842770934e-06
TCGA.HT.A614	7.20233471355894e-06	1.1061251348375e-05
TCGA.HT.7695	1.14833674068192e-05	-1.03850885935509e-05
TCGA.QH.A6X4	1.22074333489898e-05	-1.1332398890558e-05
TCGA.P5.A77W	1.27069141190787e-05	-1.02654890918527e-05
TCGA.DU.7302	1.09170131343002e-05	-1.03669891694041e-05
TCGA.DU.7012	-1.18687201311818e-05	-2.70640510587042e-06
TCGA.DU.7309	3.64700870554802e-06	8.54920637622346e-06
TCGA.E1.5307	7.1191566051037e-06	1.05166689403777e-05
TCGA.S9.A7QW	8.19809042196781e-06	7.43426050856742e-06
TCGA.DU.6402	-1.15419684996646e-05	-2.76978927414006e-06
TCGA.HT.7604	6.00982707396861e-06	9.66848205663391e-06
TCGA.P5.A733	5.41178312789176e-06	9.54324184219912e-06
TCGA.HT.7684	5.91594571855614e-06	-2.90521019721412e-06
TCGA.HW.7495	6.25299021653513e-06	-7.51936348404322e-06
TCGA.QH.A65R	9.80269524806089e-06	-7.41126879351684e-06
TCGA.DU.A7TG	1.04384844577269e-05	-7.8400097192588e-06
TCGA.DH.A7UV	3.56935849634218e-06	9.09791366945971e-06
TCGA.HW.A5KK	-7.13688357907302e-06	-2.57787369163189e-06
TCGA.CS.6669	-7.21975825090893e-07	-3.04466990170322e-06
TCGA.CS.4942	5.34337225185177e-06	8.17854082398209e-06
TCGA.DU.A7TC	8.98529253965453e-06	3.39244955977926e-06
TCGA.HT.7610	8.61191775629712e-06	6.76208818214925e-06
TCGA.S9.A6TW	9.82068746495753e-06	-1.18187666640267e-05
TCGA.FG.A60J	7.19941872598421e-06	4.72098533677976e-06
TCGA.E1.5303	9.07020694066901e-06	8.71112582495702e-06
TCGA.QH.A6XC	-1.36197705079245e-05	-2.59172461696333e-06
TCGA.HT.7481	1.06055857251436e-05	-9.89139939418901e-06
TCGA.FN.7833	8.8133659133689e-06	8.87758303772886e-06
TCGA.E1.A7Z4	1.04401762222484e-05	9.05715490554952e-06
TCGA.DU.A5TR	5.95589047983634e-06	9.03486944966649e-06
TCGA.FG.A4MU	-1.31404288242198e-05	-2.64192931969535e-06
TCGA.DU.7300	1.27389176663771e-05	-2.68797640836657e-06
TCGA.HT.7473	4.42168870335947e-06	9.63209696261496e-06
TCGA.TM.A7C3	-1.52222857897138e-05	-1.80669773794313e-06
TCGA.S9.A7IQ	5.61664709956251e-06	-6.70767083339931e-06
TCGA.DU.7008	2.25186720173925e-06	1.0776811618463e-05
TCGA.DB.A64O	-8.37378151893215e-06	-2.74327374063658e-06
TCGA.DU.A5TT	-9.93985088845465e-06	6.64097441162843e-06
TCGA.S9.A6WG	9.30180482219863e-06	9.17856877944472e-06
TCGA.DU.8163	4.78978708043796e-06	8.98708765099628e-06
TCGA.DB.A75O	7.60119463249176e-06	9.31592249075023e-06
TCGA.HT.7688	7.07581003991076e-06	9.64772067954003e-06
TCGA.DU.7304	9.31133375055171e-06	9.06465718458256e-06
TCGA.HT.8019	-7.21975825090901e-07	-3.04466990170323e-06
TCGA.P5.A5EY	-8.61364830992847e-07	-3.08517686939259e-06
TCGA.S9.A6WD	1.27248667058046e-05	-1.06761275886807e-05
TCGA.DU.A7T8	7.54769413518956e-06	8.37834908992645e-06
TCGA.FG.8185	1.08879604840332e-05	6.56153176975689e-06
TCGA.HT.7902	8.97292259009164e-06	1.05320233828424e-05
TCGA.CS.5397	-9.84055965439211e-06	-1.89662285671125e-06
TCGA.TQ.A7RU	1.19764213847513e-05	-1.05030217293816e-05
TCGA.HT.7879	8.52918820970249e-06	9.58503534047958e-06
TCGA.DU.5874	9.13109430654386e-06	-8.17448403501776e-06
TCGA.FG.7641	1.09875290070714e-05	-9.76860445985263e-06
TCGA.FG.6690	9.6856883855442e-06	7.49604185326762e-06
TCGA.HW.8320	7.3687511891288e-06	3.92678904445206e-06
TCGA.HT.8104	-1.57971828334163e-05	-1.95205290694489e-06
TCGA.S9.A7R2	-9.67305716701664e-06	-2.80994145548718e-06
TCGA.R8.A6MK	1.06394673822216e-05	-1.1056469975241e-05
TCGA.QH.A6CY	1.12547945270665e-05	-9.74338316553848e-06
TCGA.S9.A7J1	1.09187619877433e-05	-1.2547112125167e-05
TCGA.P5.A72X	1.01450481858529e-05	9.32858778119908e-06
TCGA.E1.5322	9.86049865503203e-06	4.51915082693736e-06
TCGA.P5.A5F0	7.00409800643307e-06	-1.16569699837032e-05
TCGA.S9.A6WM	-1.60601024484304e-05	3.32588739356767e-06
TCGA.R8.A73M	1.11279327577945e-05	-1.12339226726271e-05
TCGA.FG.A70Z	-1.0105726311165e-05	-2.65000256057157e-06
TCGA.HT.7680	-7.2197582509091e-07	-3.04466990170323e-06
TCGA.DB.A4X9	3.66561850008895e-06	4.4528086863685e-06
TCGA.DU.8167	9.02198503894293e-06	8.25654833933513e-06
TCGA.HT.A74O	8.83074460126796e-06	9.97188820173006e-06
TCGA.FG.8188	1.04979834660964e-05	6.28861910974644e-06
TCGA.P5.A5F6	3.69405211252816e-06	-1.53332455965419e-06
TCGA.DU.A6S3	1.25073356458095e-05	-1.20395385598237e-05
TCGA.HT.8110	-1.12909977189596e-05	-3.41876950364512e-06
TCGA.DB.A4XH	1.0978992996258e-05	-7.33924039876613e-06
TCGA.HT.7485	7.18139817843335e-06	8.58311890626112e-06
TCGA.VW.A7QS	5.98937750687656e-06	-7.54156325025696e-06
TCGA.E1.A7YJ	-1.17776569260685e-05	-2.94690368390992e-06
TCGA.DU.A76L	-9.96221940507948e-06	-2.86738851649461e-06
TCGA.DB.A4XE	6.31122201761847e-06	9.84476858701995e-06
TCGA.S9.A6TS	9.85045581736869e-06	7.76524053380685e-06
TCGA.DB.A64S	8.83844359363561e-06	8.60403865633253e-06
TCGA.CS.6667	7.20266393042518e-06	4.38873624482965e-06
TCGA.E1.A7YL	-8.79431455204806e-06	4.67310633077041e-06
TCGA.E1.A7YV	4.60507137642294e-06	2.916640028126e-06
TCGA.HT.A61C	-7.71852850711412e-06	-6.18238245960887e-06
TCGA.TQ.A7RW	1.1155776811318e-05	6.55551082026423e-06
TCGA.DU.5849	2.57794809508169e-06	-9.91556774217946e-06
TCGA.QH.A6CV	-1.60422706779195e-05	1.14284436533011e-06
TCGA.HT.7468	1.16414282132436e-05	-1.22724580352757e-05
TCGA.FG.6692	-1.43697926219183e-05	-1.88107414252664e-06
TCGA.TQ.A7RI	6.54746781264979e-06	-1.10131696494701e-05
TCGA.DB.5279	7.68401160255454e-06	-7.77072995131104e-06
TCGA.S9.A6U8	8.83844359363561e-06	8.60403865633253e-06
TCGA.HW.7489	8.92568999092791e-06	9.83596530785997e-06
TCGA.R8.A6YH	8.08402863496619e-06	8.42991228523376e-06
TCGA.DU.7018	1.23709277279132e-05	-1.22835252828859e-05
TCGA.HT.7677	1.18092697254203e-05	-1.0559214459184e-05
TCGA.FG.A713	1.3988884919525e-05	-5.4256761291729e-06
TCGA.HT.7875	1.11710758825731e-05	-1.15289657196753e-05
TCGA.TM.A7CA	5.64017071515238e-06	9.10428985392537e-06
TCGA.HT.7690	8.7593610151752e-06	1.02840400479084e-05
TCGA.CS.5393	7.12335204919377e-06	4.96329542450416e-06
TCGA.FG.6689	9.36079070556025e-06	1.01521432637464e-05
TCGA.DU.7007	1.02286421373908e-05	9.71651461706411e-06
TCGA.TQ.A7RF	7.5369516917061e-06	4.01139739545371e-06
TCGA.KT.A7W1	-1.29550495139705e-05	-3.4150112661447e-06
TCGA.HT.A5RA	-1.1856326034853e-05	-2.27242297384195e-06
TCGA.DB.5277	4.24638190995723e-06	7.78679936417553e-06
TCGA.HT.7694	1.17502858885718e-05	-1.15197310706421e-05
TCGA.HT.8013	5.09079297479825e-06	1.0066214068671e-05
TCGA.HW.7490	9.41487777187145e-06	8.15150520015578e-06
TCGA.QH.A65S	1.06427445538329e-05	1.02283070837151e-05
TCGA.DU.A76R	6.76400894361872e-06	-6.54150829308807e-06
TCGA.DH.5144	1.36424524196735e-05	-8.79087088425648e-06
TCGA.CS.6188	-8.66545624498598e-06	-3.77652854659851e-06
TCGA.P5.A780	5.9541932859045e-06	3.6922513749584e-06
TCGA.HT.7606	6.16787322689088e-06	4.42714388411711e-06
TCGA.DU.A7TJ	-1.10941796574212e-05	-2.24083848185265e-06
TCGA.DB.A64V	1.17908980097307e-05	-1.18233110936077e-05
TCGA.E1.5302	8.65490263375988e-06	1.05003795475672e-05
TCGA.HW.A5KJ	7.50134895184185e-06	-7.37444361259434e-06
TCGA.HT.A615	9.12169316208591e-06	-1.02676238810316e-05
TCGA.HT.8105	1.46179817286008e-05	-5.52283663530731e-06
TCGA.DU.A5TY	-1.06946833287011e-05	-2.50434910591326e-06
TCGA.DU.5847	-8.10716660280737e-06	-2.08974944785477e-06
TCGA.DB.5270	6.74492639741852e-06	8.35029396582637e-06
TCGA.HT.7874	9.41243148816786e-06	-8.08083886576686e-06
TCGA.HT.7471	9.07379310043336e-06	-1.12745355458213e-05
TCGA.HT.7882	-1.08097288945704e-05	-2.64877654237498e-06
TCGA.DU.5854	-1.08651589164548e-05	-2.868214528987e-06
TCGA.DU.6395	4.16012789138056e-06	9.21826322815484e-06
TCGA.HT.8011	-1.02641092762426e-05	-2.37031820581107e-06
TCGA.S9.A6TV	1.02628265828438e-05	7.62685241841052e-06
TCGA.P5.A5EW	9.96796085827852e-06	9.67561367291719e-06
TCGA.DB.A4XD	7.58882917096957e-06	7.4195060319408e-06
TCGA.DU.5852	-8.10160530848259e-06	-3.25104848573369e-06
TCGA.DU.6408	1.37123418244096e-05	8.67867974974281e-06
TCGA.FG.8189	2.23526266705402e-06	-8.22330141333213e-06
TCGA.E1.A7YY	1.19666835053694e-05	-1.00124704928001e-05
TCGA.FG.A4MT	1.0333474884441e-05	7.84596427109354e-06
TCGA.HT.A619	7.53229193931226e-06	-9.22573695870712e-06
TCGA.P5.A72U	-1.15851287961619e-05	-2.79723143538239e-06
TCGA.HT.A5R9	2.64704738147869e-06	-1.18213091084902e-05
TCGA.CS.4941	-1.08457536889625e-05	2.85751545289708e-06
TCGA.DU.6404	-5.12772582637826e-06	-2.49761027943188e-06
TCGA.FG.5964	1.12256510492118e-05	-9.87591129874167e-06
TCGA.CS.5396	7.55316861773654e-06	-1.48644501666432e-06
TCGA.HT.8107	-2.77054983870726e-06	-3.59767843502979e-06
TCGA.DU.A7TA	1.17551271160534e-06	7.40826325084302e-06
TCGA.HW.8319	8.96699289880379e-06	8.85527772050861e-06
TCGA.DH.A7UR	6.32018340530526e-06	-1.31174875903407e-05
TCGA.S9.A6TZ	7.09896619858818e-06	4.30316105825861e-06
TCGA.HT.7479	7.44135208924471e-06	4.86767835207379e-06
TCGA.DU.6400	6.24663938441861e-06	-1.19068719612365e-05
TCGA.S9.A6WL	1.01689553956326e-05	-8.21538942943e-06
TCGA.DB.A75K	1.19128949861315e-05	-1.19116007420544e-05
TCGA.DU.8165	-1.02843017704936e-05	9.76823377116779e-06
TCGA.DB.A64Q	1.20911311209895e-05	-1.20630594602645e-05
TCGA.P5.A737	1.08155913690487e-05	-7.64697394049109e-06
TCGA.DB.5275	1.15315358437326e-05	7.62246179886653e-06
TCGA.S9.A6WH	9.88603067332985e-06	-1.2157449988896e-05
TCGA.HT.7602	8.50954883646114e-06	1.21974500207348e-06
TCGA.DU.A5TU	5.29801064035381e-06	1.06602256635069e-05
TCGA.HT.A5RB	7.83819328379086e-06	8.23935241896966e-06
TCGA.E1.A7YN	-8.23114057071671e-06	-2.4781813133095e-06
TCGA.HT.7616	1.17868240052658e-05	-1.10713224104927e-05
TCGA.S9.A7R8	1.02319042935838e-05	7.32963547966587e-06
TCGA.DU.6394	9.51398888740337e-06	-1.02699969807828e-05
TCGA.HT.8111	9.43059128176869e-06	5.85605056344951e-06
TCGA.E1.A7Z2	-8.7074833310595e-06	-3.25774326789067e-06
TCGA.DU.A5TP	1.20940300212018e-05	6.85203215951407e-06
TCGA.S9.A7QZ	1.29734278802125e-05	-5.63826615428842e-06
TCGA.HT.7482	9.46684432213447e-06	9.40111816176916e-06
TCGA.TQ.A7RK	9.47963435827225e-06	8.86198731241132e-06
TCGA.HT.7858	8.83958961466397e-06	8.63388735665997e-06
TCGA.HT.7475	5.11093483009169e-06	8.730071980237e-06
TCGA.HT.8564	-4.33770309878512e-06	5.07407724220922e-06
TCGA.DB.A64U	1.12451559033253e-05	-1.05559056541007e-05
TCGA.S9.A6WE	1.08282236000459e-05	-1.10177479107457e-05
TCGA.DB.A64W	1.1498481659644e-05	-1.1506310546601e-05
TCGA.R8.A6MO	1.08631526838413e-05	-1.07595274398016e-05
TCGA.DU.5872	5.76868254785601e-06	7.77781192320764e-06
TCGA.HW.8322	6.68145278920706e-06	-7.97289444124033e-06
TCGA.CS.6668	1.13084319398324e-05	-1.19653975745306e-05
TCGA.DU.5870	1.1413049590003e-05	-1.01199527924687e-05
TCGA.FG.7636	9.58151455641313e-06	5.96102086623548e-06
TCGA.HT.7692	9.59961116252317e-06	-8.06130814767174e-06
TCGA.FG.8187	8.67614918591321e-06	-9.20721315134242e-06
TCGA.HT.7854	-9.52526028210386e-07	-3.0318900746978e-06
TCGA.R8.A6ML	1.12391993115936e-05	-1.1679842732507e-05
TCGA.HT.7686	7.20393293411598e-06	1.37154689451727e-05
TCGA.DU.6410	4.42972315793382e-06	-7.64304908569371e-06
TCGA.S9.A6U9	8.89157570557368e-06	8.39014098936561e-06
TCGA.CS.6290	7.35375551717182e-06	5.42958707011274e-06
TCGA.TQ.A7RO	6.99499278029604e-06	-1.3553026064228e-05
TCGA.DU.7019	6.40232839939404e-06	3.8756557397026e-06
TCGA.FG.A711	6.29268569498717e-06	7.80895833212598e-06
TCGA.TQ.A7RM	5.27055360190085e-06	5.70078509413243e-06
TCGA.HT.7860	-1.41009767460841e-05	-2.3757027450895e-06
TCGA.S9.A7R4	7.58853634075155e-06	5.88263775135084e-06
TCGA.E1.5318	5.15379969774572e-06	-1.47230473476368e-05
TCGA.HT.7676	9.59854231106816e-06	9.40502706822259e-06
TCGA.S9.A7J3	1.18364705810377e-05	-1.07500724431346e-05
TCGA.DU.A6S2	1.13161874479024e-05	-1.22047377956387e-05
TCGA.P5.A5F2	8.44604561636933e-06	7.27245556538817e-06
TCGA.E1.5304	4.20685921819637e-06	1.2768683693235e-05
TCGA.DU.7006	-1.10820628807309e-05	-3.79876864218014e-06
TCGA.HT.7469	4.23233223173507e-06	6.32988764484703e-06
TCGA.TQ.A7RS	1.07258349063055e-05	-1.12967498482457e-05
TCGA.S9.A7QX	6.09379105889214e-06	1.05475893092057e-05
TCGA.CS.4943	9.10219365053006e-06	9.80585442461939e-06
TCGA.QH.A65Z	1.14054366956063e-05	-1.0106815507666e-05
TCGA.DB.5276	9.31204861952296e-06	9.11920207704368e-06
TCGA.P5.A730	4.00602507945847e-06	-1.03089358203952e-05
TCGA.DU.8161	-8.30365623708701e-06	-1.93441804378156e-06
TCGA.S9.A6UB	9.4666705750468e-06	-1.20996898752296e-05
TCGA.E1.A7YM	-1.03129280806904e-05	-2.51065198167916e-06
TCGA.DB.5273	9.60538457635594e-06	8.37035276938205e-06
TCGA.TM.A7C4	7.23317379662934e-06	9.42951057589749e-06
TCGA.DH.A66F	9.93660410304762e-06	-1.09873418944088e-05
TCGA.HT.7607	1.06413781379381e-05	-7.37557198100838e-06
TCGA.DU.6393	1.21829068087939e-05	-1.27506288953623e-05
TCGA.QH.A6XA	6.64054812003804e-06	9.98530859941222e-06
TCGA.HT.8108	4.38109809155284e-06	9.65460610613892e-06
TCGA.E1.A7YD	-1.20977564434453e-05	6.05597356092651e-06
TCGA.S9.A7IY	1.21710658565952e-05	-1.15046431784029e-05
TCGA.P5.A736	4.36895926311766e-06	8.97344341046233e-06
TCGA.P5.A5EV	9.20075642998009e-06	6.9140034002699e-06
TCGA.DU.7301	3.23103911156534e-06	9.0157276706536e-06
TCGA.HT.7470	1.14951781754255e-05	9.38903866805416e-06
TCGA.DU.7009	6.69478467781254e-06	-7.73721044621667e-06
TCGA.P5.A781	9.79583280161394e-06	-7.21678074958627e-06
TCGA.DH.5140	6.88929561097021e-07	3.46646590230707e-06
TCGA.FG.A4MY	8.21742925980261e-06	1.09629468851835e-05
TCGA.TM.A7CF	7.41755363437349e-06	2.53946066117117e-06
TCGA.S9.A6U6	7.73892441640882e-06	9.64689990174521e-06
TCGA.HT.8015	-8.89884586505067e-07	-3.0874068771351e-06
TCGA.DU.7010	2.37913323217943e-06	1.20974467733455e-05
TCGA.S9.A6U2	1.06100013168167e-05	-1.15707976495654e-05
TCGA.DU.A76K	-1.12189356913716e-05	-3.56683323287053e-06
TCGA.DU.A7TD	-1.22579272984076e-05	-2.82755776161319e-06
TCGA.DU.6405	-7.66588436655733e-06	-3.80117982384615e-06
TCGA.DU.8168	1.18637582224418e-05	-1.26080563297506e-05
TCGA.QH.A6X3	2.37970754420213e-06	8.76597628738076e-06
TCGA.DU.6401	8.25742670948355e-06	1.04094523596487e-05
TCGA.DU.6396	7.83265946281564e-06	8.1689023132788e-06
TCGA.E1.A7YH	1.18138753523898e-05	1.0465586897489e-05
TCGA.DU.7306	6.19703123231126e-06	7.6390987379601e-06
TCGA.HT.A74J	3.60346540747658e-06	8.98604794193939e-06
TCGA.HT.A74H	-7.96404451105483e-06	-2.58428877455607e-06
TCGA.DH.A7US	1.15729419528291e-05	-1.00615381095727e-05
TCGA.HT.7478	9.35512442209645e-06	9.91967723542393e-06
TCGA.DU.7290	-9.45026972566163e-06	2.40991119464953e-06
TCGA.DU.8164	7.34598938016502e-06	-1.08193915779583e-05
TCGA.DB.A64L	1.19891051773233e-05	-1.64191525488432e-05
TCGA.HT.A61B	8.95580813689837e-06	3.95642264086889e-06
TCGA.DH.A66B	1.59449206522719e-05	8.46391936541729e-06
TCGA.FG.8182	3.56673098501907e-06	9.09369423351205e-06
TCGA.HT.7603	9.0853289633362e-06	9.89367748958068e-06
TCGA.DU.6397	9.88623025774566e-06	-1.07103200618629e-05
TCGA.HT.A4DS	-1.06577892089297e-05	7.1960999948676e-06
TCGA.DU.5853	8.29164577253333e-06	9.65083546003611e-06
TCGA.CS.6670	6.27256001591795e-06	-8.98309543060043e-06
TCGA.QH.A65X	6.87027120502213e-06	-1.41061947887776e-05
TCGA.DB.A64P	1.09064935718212e-05	-1.13259410019948e-05
TCGA.TQ.A7RV	9.0336031477422e-06	1.01025835701488e-05
TCGA.HT.A5R7	7.00214720388583e-06	4.95550389614318e-06
TCGA.HW.A5KL	1.01584505973732e-05	8.77606239993652e-06
TCGA.DU.8158	-6.50691876223104e-06	-7.38908937936778e-06
TCGA.HT.7474	1.12670592708045e-05	9.18327830756313e-06
TCGA.DH.A7UU	3.2084660916857e-06	6.54401435597715e-06
TCGA.QH.A6CZ	1.35554194605336e-05	-6.96223413327465e-06
TCGA.DH.A669	-3.66966501668572e-07	-7.57465681497777e-06
TCGA.QH.A6X9	2.17327923446752e-06	8.40182700039515e-06
TCGA.P5.A5EZ	3.40547073038401e-06	6.4042744829542e-06
TCGA.DU.5871	1.1588580875135e-05	9.43653390246462e-06
TCGA.TQ.A7RJ	8.67466248586983e-06	1.02743666868785e-05
TCGA.FG.8186	7.3451412156197e-06	-8.26886803316657e-06
TCGA.DB.A4XF	4.02710192107075e-06	4.45420548900817e-06
TCGA.HT.7483	8.9629008262875e-06	8.59292993475417e-06
TCGA.HT.7687	8.49584116391558e-06	-8.59934796133483e-06
TCGA.E1.A7Z6	6.58709881390061e-06	9.07398398642399e-06
TCGA.CS.5394	1.10061933561217e-05	-1.08429293513524e-05
TCGA.HT.A617	-8.68363826007754e-06	-1.04297153325936e-06
TCGA.DU.A76O	8.7086728330179e-06	9.76952727006725e-06
TCGA.DU.A5TW	5.17250060794317e-06	8.65874833731658e-06
TCGA.HT.7857	4.50123961259225e-06	-3.42709968918798e-06
TCGA.FG.5962	7.44731149799429e-06	-1.27123282969799e-05
TCGA.02.0003	-7.53504900430596e-06	3.00405007146443e-06
TCGA.02.0033	-6.85207589641216e-06	4.88227235026909e-06
TCGA.02.0047	-2.65501968800678e-06	-3.60618625400171e-06
TCGA.02.0055	-8.139264876808e-06	1.16226011905567e-05
TCGA.02.2470	-8.22074282356e-06	-2.40114008921472e-06
TCGA.02.2483	6.61621210914341e-06	8.47347228590178e-06
TCGA.02.2485	-1.03254464310289e-05	2.87521673911064e-06
TCGA.02.2486	-9.09654676402164e-06	-2.14066376208053e-06
TCGA.06.0119	-1.18155517677566e-05	-3.21206321296889e-06
TCGA.06.0122	-1.01118463893633e-05	-2.18418527914615e-06
TCGA.06.0124	-1.14380362999285e-05	-3.44023952331699e-06
TCGA.06.0126	-1.19107906152328e-05	-2.20469861318002e-06
TCGA.06.0128	-3.8524047291619e-07	7.15048309309355e-06
TCGA.06.0129	6.54597121493586e-06	9.37447039122489e-06
TCGA.06.0130	-9.84961970749466e-06	9.20151741758224e-06
TCGA.06.0132	-7.54015850202407e-06	-2.87815502662474e-06
TCGA.06.0137	-1.28110298817806e-05	-3.0406807041524e-06
TCGA.06.0139	-7.46098639649836e-06	-1.92513637007214e-06
TCGA.06.0140	-8.58001927522525e-06	-1.56329831699327e-06
TCGA.06.0141	-8.55578867696557e-06	-2.01108820366175e-06
TCGA.06.0142	-5.14164054330202e-06	-3.37650928980694e-06
TCGA.06.0145	-1.18532020963613e-05	-1.85316631675957e-06
TCGA.06.0151	-1.3429015122043e-05	-4.51376001653703e-06
TCGA.06.0152	-9.94311395950644e-06	1.94183159471618e-06
TCGA.06.0154	-1.09647660054588e-05	-4.04010361798257e-06
TCGA.06.0155	-1.50731040000411e-05	-1.84531934983707e-06
TCGA.06.0157	-1.45799752725516e-05	-1.34297282697389e-06
TCGA.06.0158	-1.18046613048854e-05	-2.25374000655215e-06
TCGA.06.0165	-7.66219209776719e-07	-3.04919856963984e-06
TCGA.06.0166	-1.33125209273178e-05	1.660809742324e-06
TCGA.06.0168	-1.23194594819787e-05	1.27269528533611e-06
TCGA.06.0169	-8.7073372660398e-06	-2.80440362093677e-06
TCGA.06.0173	-1.21851430244146e-05	-3.1686546598266e-06
TCGA.06.0174	-1.39072068955349e-05	-1.98518817685991e-06
TCGA.06.0178	-7.21975825090986e-07	-3.04466990170323e-06
TCGA.06.0184	-7.00877872897879e-06	6.31583455752514e-06
TCGA.06.0185	-1.44886883645924e-05	-2.06524879036626e-06
TCGA.06.0188	-1.08540601650858e-05	7.18476940025056e-06
TCGA.06.0189	-6.6912929178315e-06	4.53943762522397e-06
TCGA.06.0192	-1.86055217037989e-05	2.63023806711186e-06
TCGA.06.0195	-1.14927989206435e-05	9.52126477294908e-06
TCGA.06.0209	-1.47006265756299e-05	2.34184136397931e-06
TCGA.06.0213	-7.04957959231243e-06	6.82446012226155e-06
TCGA.06.0214	-9.97766489965347e-06	-1.82746127219577e-06
TCGA.06.0216	-1.84360041978772e-05	2.86540014508059e-06
TCGA.06.0219	-6.55525766704448e-06	-3.28078860773331e-06
TCGA.06.0237	-1.12595655565297e-05	7.72468857898253e-06
TCGA.06.0238	-6.74357497932157e-06	5.24398083507335e-06
TCGA.06.0240	-1.81467552474791e-06	-3.05969995236501e-06
TCGA.06.0241	-6.34303770484921e-06	4.72682467168274e-06
TCGA.06.0644	-1.04083443703219e-05	8.13162889292211e-06
TCGA.06.0645	-1.56676723359577e-05	1.65081448012135e-06
TCGA.06.0646	-8.74822940142441e-06	-2.88983481005974e-06
TCGA.06.0648	-8.08783818168773e-06	-2.15476635877198e-06
TCGA.06.0649	-1.48846886907875e-05	2.94916971997268e-06
TCGA.06.0650	-1.29638683187016e-05	-2.6430891589558e-06
TCGA.06.0686	-8.7639105846749e-06	-1.18810332241845e-06
TCGA.06.0743	-1.37451034689932e-05	1.37751981046122e-07
TCGA.06.0744	-8.30579193281005e-06	5.06229009885641e-06
TCGA.06.0745	-8.2916215810126e-06	-2.62238914961948e-06
TCGA.06.0747	-1.07542110254506e-05	-4.18301116474914e-06
TCGA.06.0749	-1.17493681883977e-05	-3.70418650146318e-06
TCGA.06.0750	-1.07262146799103e-05	-3.21866053141594e-06
TCGA.06.0875	-4.56852962103653e-06	5.04983982506463e-06
TCGA.06.0876	-1.08710672767521e-05	4.28023607852816e-06
TCGA.06.0877	-1.29402573345744e-05	-3.54683338847594e-06
TCGA.06.0878	-1.01988220692847e-05	-2.59349167321385e-06
TCGA.06.0879	-1.400484999671e-05	-2.71922195633685e-06
TCGA.06.0881	-1.09721665347789e-05	-2.3436752521131e-06
TCGA.06.0882	-1.11451325524164e-05	-1.88446021904131e-06
TCGA.06.0939	-1.02119967330021e-05	-1.26669077263295e-06
TCGA.06.1804	-1.17326408734238e-05	-2.04045116023115e-06
TCGA.06.1806	-1.00391530511565e-05	-1.47500298858804e-06
TCGA.06.2557	-1.5939492306172e-05	8.61512356809382e-07
TCGA.06.2558	-7.58215704430697e-06	4.74598154569336e-06
TCGA.06.2559	-7.08779115218539e-06	4.90379950744857e-06
TCGA.06.2561	-1.01451440533148e-05	-5.33306177132951e-06
TCGA.06.2562	-9.0933407455005e-06	-3.22122260290446e-06
TCGA.06.2563	-1.08173537089831e-05	3.77424651101541e-06
TCGA.06.2564	-8.27415183237269e-06	-2.13022498911546e-06
TCGA.06.2565	-1.26118377146402e-05	-3.81127573423732e-06
TCGA.06.2567	-7.62291493140815e-06	3.54479411055655e-06
TCGA.06.2569	5.56812011765839e-06	5.02568825676601e-06
TCGA.06.2570	7.73097341376301e-06	7.94853626593799e-06
TCGA.06.5408	-7.94618566128515e-06	5.96202393982779e-06
TCGA.06.5410	-9.12216977439952e-06	-2.30728042541608e-06
TCGA.06.5411	-4.48742138960435e-06	-7.07692244916534e-06
TCGA.06.5412	-9.93757805933074e-06	-2.29123384198804e-06
TCGA.06.5413	-1.10177108181596e-05	-3.50473606241697e-06
TCGA.06.5414	-1.20816644704092e-05	-1.67250945268385e-06
TCGA.06.5415	-9.65318796165939e-06	-5.08040656573853e-06
TCGA.06.5418	-1.04750263568619e-05	-2.34007556739454e-06
TCGA.06.5856	-1.56285291146969e-05	2.65381077414714e-06
TCGA.06.5858	-2.97581521843794e-06	9.18397343549839e-06
TCGA.06.5859	-7.29117808537701e-06	-3.79291458266543e-06
TCGA.06.6388	-9.76759027174532e-06	2.38937836475399e-06
TCGA.06.6389	8.82559606482875e-06	8.5105403041943e-06
TCGA.06.6390	-8.29236999352951e-06	-1.47809962427099e-06
TCGA.06.6391	-4.46099156632605e-06	7.03829333098316e-07
TCGA.06.6693	-3.67445500064328e-06	-5.25932023976286e-06
TCGA.06.6694	-4.55840977776902e-06	5.87466670841103e-06
TCGA.06.6695	-1.36445440662574e-05	-2.68890801936727e-06
TCGA.06.6697	-9.2291613398117e-06	-1.99340957817492e-06
TCGA.06.6698	-1.28166839573284e-05	1.12632409258157e-05
TCGA.06.6699	-9.34840745795592e-06	-3.15617879119659e-06
TCGA.06.6700	-1.00147099717436e-05	-3.33531536766043e-06
TCGA.06.6701	7.6981760970909e-06	9.16711938717661e-06
TCGA.08.0386	-6.82628142096887e-06	6.869572881464e-07
TCGA.12.0615	-7.08214969964073e-06	-3.31243123443076e-06
TCGA.12.0616	-1.14685530356096e-05	-1.32890286280734e-06
TCGA.12.0618	-6.63995918807998e-06	3.77108693852985e-06
TCGA.12.0619	-8.31260976162876e-06	9.16330358256007e-06
TCGA.12.0688	-1.15605152868334e-05	-2.46942454006703e-06
TCGA.12.0692	-1.00340387472985e-05	-2.1864934298459e-06
TCGA.12.0821	-9.1300699696732e-06	-3.79873099809192e-06
TCGA.12.3649	-1.17595378550181e-05	-4.21760378996616e-06
TCGA.12.3650	-1.31953478245285e-05	-2.47019202357919e-06
TCGA.12.3652	-1.08808556949179e-05	-3.40960111232748e-06
TCGA.12.3653	-1.62740255548206e-05	5.12479698790578e-06
TCGA.12.5295	-8.97999303037602e-06	-2.49611832199459e-07
TCGA.12.5299	-8.42964114050201e-06	-2.17147324612791e-06
TCGA.12.5301	-8.050801216469e-06	-3.38676638729654e-06
TCGA.14.0740	2.82772507704064e-06	4.43131490384562e-06
TCGA.14.0781	-9.42477670131838e-06	-2.33261950197745e-06
TCGA.14.0786	-1.12241875247568e-05	-3.70040106170847e-06
TCGA.14.0787	-9.73799189303317e-06	-2.21541169305362e-06
TCGA.14.0789	-1.37241432341933e-05	-2.83897468882097e-06
TCGA.14.0790	-1.43173887347808e-05	-3.04937664585657e-06
TCGA.14.0813	-1.14266877252503e-05	8.21865245671705e-06
TCGA.14.0817	-1.2682117623937e-05	1.09421755038805e-05
TCGA.14.0862	-9.91278615551194e-07	-4.77469747251302e-06
TCGA.14.0871	-1.09575447272461e-05	9.25421249763418e-06
TCGA.14.1043	-9.65824191781639e-06	-2.7992285570899e-06
TCGA.14.1395	-1.2063830218584e-05	-3.02585476385985e-06
TCGA.14.1450	-1.12897319794996e-05	-2.28382019681147e-06
TCGA.14.1456	4.27414265819283e-06	8.44570826963873e-06
TCGA.14.1823	-1.92286517609944e-05	2.69640572215442e-06
TCGA.14.1825	-5.75696242257795e-06	4.01572899072315e-06
TCGA.14.1829	-1.36003678935951e-05	-2.31959017332329e-06
TCGA.14.2554	-1.44965957870592e-05	-3.07067631064956e-06
TCGA.14.4157	3.36774628633226e-06	7.08381211512547e-06
TCGA.15.0742	-1.11708175063277e-05	-2.68248498040292e-06
TCGA.15.1444	1.13112071749079e-05	8.93062272057017e-06
TCGA.16.0846	-1.0704578132281e-05	4.54082861104951e-06
TCGA.16.0861	-8.68990050804979e-06	-3.54952748722493e-06
TCGA.16.1045	-1.27740389975862e-05	-2.02963170990477e-06
TCGA.16.1048	-1.1852859598261e-05	-4.51014577889652e-06
TCGA.19.1390	1.9205168420359e-06	-5.65468494164446e-07
TCGA.19.2619	-7.45097427586957e-06	-4.44346300590394e-06
TCGA.19.2620	-9.99464298392428e-06	-3.92457758275308e-06
TCGA.19.2623	-4.51690606597774e-06	5.8513159658399e-06
TCGA.19.2624	-9.57708816081736e-06	-3.03629424139206e-06
TCGA.19.2625	-8.59570209473386e-06	8.54951959770336e-06
TCGA.19.2629	5.00327531584009e-06	1.68207229729262e-06
TCGA.19.2631	-1.00426288347513e-05	-1.58707537775097e-06
TCGA.19.5947	-9.17310761277892e-06	-2.86387818598938e-06
TCGA.19.5950	-1.15505157029411e-05	-2.39689674234527e-06
TCGA.19.5951	-6.39785426289364e-06	-5.03407860882679e-06
TCGA.19.5952	-1.06831638100751e-05	-2.19458967387918e-06
TCGA.19.5953	-1.30990850633924e-05	-2.88105698258503e-06
TCGA.19.5954	-8.7833338279829e-06	-3.31327699919976e-06
TCGA.19.5955	-1.32529302643793e-05	-2.16037328072703e-06
TCGA.19.5958	-9.03782204836462e-06	-3.50393456932773e-06
TCGA.19.5959	-1.19862023677431e-05	-2.4975233480284e-06
TCGA.19.5960	-7.45387647960761e-06	-1.46424966840358e-06
TCGA.26.1439	-1.15967692653352e-05	-1.90299780335565e-06
TCGA.26.1442	3.76657788438737e-06	5.26052445723585e-06
TCGA.26.5132	-1.31941404662912e-05	4.3013449090227e-06
TCGA.26.5133	2.49645467586016e-07	5.61155827837991e-06
TCGA.26.5134	-4.2063474329048e-06	-3.76945167373248e-06
TCGA.26.5135	-7.9413981578511e-06	-2.05941206611535e-06
TCGA.26.5136	-2.06754476095823e-06	4.22145375731604e-06
TCGA.26.5139	-1.18996938356525e-05	-3.46776932484037e-06
TCGA.26.6173	-1.12318374784354e-05	2.62560022682963e-06
TCGA.26.6174	-1.0455393147995e-05	-2.87686818350851e-06
TCGA.27.1830	-7.94354375518196e-06	5.44921235389192e-06
TCGA.27.1831	-1.01017576570618e-05	-2.96873396372794e-06
TCGA.27.1832	-8.78897892550048e-06	-2.11384968490313e-06
TCGA.27.1833	-1.25605765948054e-05	-2.11880570760282e-06
TCGA.27.1834	-9.53953827915332e-06	-1.10022839004409e-06
TCGA.27.1835	-7.28312085188712e-06	4.66001751809823e-06
TCGA.27.1836	-3.35494648921018e-06	3.46872525256488e-06
TCGA.27.1837	-9.30439616658328e-06	-2.499058225381e-06
TCGA.27.1838	-7.38056043158602e-06	1.738912429791e-06
TCGA.27.2518	-1.10322819334094e-05	-2.29313362792027e-06
TCGA.27.2519	-5.8387560203432e-06	4.11704586418296e-06
TCGA.27.2521	8.05958271035983e-06	1.38875886214669e-06
TCGA.27.2523	-1.00927079454855e-05	-2.16163614434959e-06
TCGA.27.2524	-1.33378891448697e-05	-1.77065258941845e-06
TCGA.27.2526	-1.0917208698502e-05	-3.27444526455864e-06
TCGA.27.2527	-6.58180891718811e-06	-4.28329214474229e-06
TCGA.27.2528	-1.04056559053254e-05	-4.10359134733016e-06
TCGA.28.1747	-1.00760948246547e-05	-2.95723725524741e-06
TCGA.28.1753	-9.35581589270783e-06	3.62739377982238e-06
TCGA.28.2501	-1.0516860480616e-05	-2.10895752439924e-06
TCGA.28.2502	-1.15225850212114e-05	-2.81608686354421e-06
TCGA.28.2509	-1.03145497649203e-05	1.0188662287251e-05
TCGA.28.2510	-9.92377172931428e-06	-2.62458818527907e-06
TCGA.28.2513	-1.36790156034958e-05	-2.42725397372958e-06
TCGA.28.2514	-5.70820467903123e-06	-4.95113149258136e-06
TCGA.28.5204	-8.92557375291974e-06	-2.2786027209434e-06
TCGA.28.5207	-9.0060425619371e-06	4.20970598306592e-06
TCGA.28.5208	-8.96498609846691e-06	-3.13419231160358e-06
TCGA.28.5209	-1.54424189778393e-05	-1.93518624542781e-06
TCGA.28.5211	-8.33116172117397e-06	-2.42863978852312e-06
TCGA.28.5213	-9.766593152141e-06	-3.91832931080725e-06
TCGA.28.5214	-1.09577037730521e-05	-2.41062097965169e-06
TCGA.28.5215	-8.06733807874293e-06	-1.58979335516359e-06
TCGA.28.5216	-1.16676085504967e-05	8.09088999141432e-06
TCGA.28.5218	-1.08622635174747e-05	-2.60541042423604e-06
TCGA.28.5219	-5.82747122692171e-06	4.30104065921897e-06
TCGA.28.5220	-7.98268391031568e-06	-2.74147636558857e-06
TCGA.28.6450	-1.09766278916725e-05	-4.96929957745221e-06
TCGA.32.1970	-1.0568739636743e-05	7.33692541032197e-06
TCGA.32.1977	-1.18988014869044e-05	-2.31826233261417e-06
TCGA.32.1979	-1.50613704646219e-05	-4.03222228108515e-06
TCGA.32.1980	-9.00052658134678e-06	-2.21756793521793e-06
TCGA.32.1982	-1.46324929120788e-05	-2.48158387684458e-06
TCGA.32.1986	-1.03487432004977e-05	-1.76150478334292e-06
TCGA.32.1991	-1.11241857720692e-05	-2.29851981778127e-06
TCGA.32.2491	-4.41326294430156e-06	3.096086543917e-06
TCGA.32.2494	-8.58165416467864e-06	-2.92691073514717e-06
TCGA.32.2495	-1.34928121675723e-05	-3.5598817646961e-06
TCGA.32.2615	-8.82584098625043e-06	-2.77037704662859e-06
TCGA.32.2632	-1.57972776788057e-05	-8.05737421562346e-07
TCGA.32.2634	-6.62242908309332e-06	6.84116196457951e-06
TCGA.32.2638	-1.14152866186021e-05	-2.1960069960402e-06
TCGA.32.4208	6.42628716973184e-06	7.21652080027606e-06
TCGA.32.4210	-1.01175887230378e-05	1.02078160351077e-05
TCGA.32.4211	-8.52843816293252e-06	-3.46994627599374e-06
TCGA.32.4213	-7.80228794925454e-06	-2.62108773251056e-06
TCGA.32.4719	-5.86138115405507e-06	-2.59671628558217e-06
TCGA.32.5222	-1.74860285019803e-05	1.85738568772129e-06
TCGA.41.2571	-9.60302809551491e-06	-1.75084447567419e-06
TCGA.41.2572	-1.09516140220257e-05	-3.07810614913119e-06
TCGA.41.2573	-1.17321801931069e-05	-7.81984804324201e-08
TCGA.41.2575	-9.47426269573602e-06	5.29079335169288e-06
TCGA.41.3392	-9.32100398345152e-06	-2.09214799391805e-06
TCGA.41.3393	-1.18153197100515e-05	-2.12891501518175e-06
TCGA.41.3915	-1.39496317898616e-05	-2.97116318073462e-07
TCGA.41.4097	-7.9244901004055e-06	-4.38505893044757e-06
TCGA.41.5651	-4.02559738950132e-06	2.19784748868977e-06
TCGA.41.6646	-9.50047891164303e-06	-2.29599971199855e-06
TCGA.74.6573	-7.00946893713437e-06	4.04891942113289e-06
TCGA.74.6575	-4.77003797026273e-06	-2.4286590971189e-06
TCGA.74.6577	-1.10410025896009e-05	-3.16342933450364e-06
TCGA.74.6578	-1.14597797997615e-05	-2.55375068256238e-06
TCGA.74.6584	-1.38663828892289e-05	3.20079518738558e-06
TCGA.76.4925	-6.85136748582063e-06	3.32225064215936e-06
TCGA.76.4926	-1.01792136482249e-05	-2.53205740402797e-06
TCGA.76.4928	-9.37144438630831e-06	-2.8917001684572e-06
TCGA.76.4929	-3.53918211502948e-06	4.66992061319012e-06
TCGA.76.4931	-9.10520178726548e-06	-3.9856614520607e-06
TCGA.76.4934	-1.45657156721011e-05	1.06481588158855e-05
TCGA.76.4935	-1.04351035086072e-05	-1.82103512607605e-06
TCGA.76.6191	-1.12929246761392e-05	-3.55483318608774e-06
TCGA.76.6192	-1.00958092089112e-05	-2.24945103425668e-06
TCGA.76.6193	4.29768929275146e-08	3.04141416850916e-06
TCGA.76.6280	-1.19986442732452e-05	-1.83452800500048e-06
TCGA.76.6282	-1.06920772117153e-05	-3.45972167506389e-06
TCGA.76.6283	-1.03668439403655e-05	9.25757736598228e-06
TCGA.76.6285	-6.36741715626776e-06	-3.07643026953436e-06
TCGA.76.6286	-6.77759358791059e-06	4.10237388840478e-06
TCGA.76.6656	-1.27365311961975e-05	-2.9202215291272e-06
TCGA.76.6657	-1.14680235173819e-05	-2.60010509939186e-06
TCGA.76.6660	-6.91113718570056e-06	-8.14062751780588e-06
TCGA.76.6661	-1.55399245338779e-05	-2.42348479636373e-06
TCGA.76.6662	-6.70166846603723e-06	4.0069721895208e-06
TCGA.76.6663	-9.74264961021101e-06	4.64196868445401e-06
TCGA.76.6664	-7.73825961902375e-06	2.37675500420256e-06
TCGA.81.5910	-1.27676170068137e-05	-4.11896290449569e-06
TCGA.81.5911	-1.39988205684439e-05	-1.88954505855902e-06
TCGA.87.5896	-9.98182142180184e-06	-3.13758649843597e-06
